epsilon,run,private_count,private_mean,error_count,error_mean
0.1,1,173.5456,31.2368,13.54556371894816,1.6767608769362425
0.1,2,169.2497,28.3982,9.249686920367793,1.1618426113642926
0.1,3,169.9331,24.0666,9.933073887879772,5.493440740198302
0.1,4,175.589,29.8601,15.5890313822527,0.30007350695695223
0.1,5,170.0675,29.2593,10.06750429105574,0.3006659913376559
0.1,6,163.3849,29.7228,3.3849182116014447,0.16275190019647212
0.1,7,166.2209,24.1228,6.220906544269752,5.437234431274149
0.1,8,138.8559,27.4456,21.144126197339517,2.114405692960542
0.1,9,148.5772,33.6427,11.42284089323789,4.082665129327356
0.1,10,151.7544,38.6529,8.24559734444179,9.09286688662245
0.1,11,156.0517,26.5301,3.9483443912032783,3.02986119820509
0.1,12,168.6607,30.7056,8.660659170344019,1.1456070743447206
0.1,13,159.9638,29.9121,0.036150936777659126,0.352053355667028
0.1,14,165.7697,27.2102,5.76971759169021,2.349809928834297
0.1,15,209.1548,38.5225,49.154840514877606,8.962478391990448
0.1,16,163.5761,26.8043,3.576059095726123,2.7557432943476314
0.1,17,164.47,23.7544,4.470006147154237,5.805570267197151
0.1,18,132.0811,27.5714,27.918938013360872,1.9886351513360836
0.1,19,159.223,33.5616,0.7769572439286776,4.001618233892689
0.1,20,166.0576,31.5532,6.057557982579425,1.99317217256813
0.1,21,158.3864,28.4549,1.6135881575337976,1.1050716714867015
0.1,22,157.017,40.6628,2.9830155883438465,11.102750132869676
0.1,23,134.77,33.5335,25.230025780934312,3.9734874335873833
0.1,24,161.712,29.167,1.7120456079271662,0.392955322755963
0.1,25,165.9877,29.4789,5.987743869289261,0.08107199471548299
0.1,26,173.7376,34.4094,13.737591607078201,4.849443897181285
0.1,27,158.2974,27.7864,1.7026431387498064,1.7736373685512419
0.1,28,162.042,34.7842,2.0419994138096342,5.224226276890956
0.1,29,151.3565,30.4068,8.643522478892663,0.8468228314188906
0.1,30,163.0533,31.4433,3.0533081966559905,1.8833485037007307
0.1,31,146.6491,31.2551,13.350866634284586,1.695053185701493
0.1,32,177.0411,26.4898,17.041060257292997,3.070239915962464
0.1,33,152.5574,38.1431,7.4425807085201825,8.583089574904694
0.1,34,149.8376,33.2609,10.162384083606554,3.7009277615901404
0.1,35,159.8444,27.4471,0.15564792462396326,2.1128540256733856
0.1,36,173.5286,29.2125,13.52858821184904,0.3475442553755066
0.1,37,160.3008,28.5681,0.3008268854117375,0.9919076012675241
0.1,38,162.0567,26.2071,2.0567416212513194,3.352947327146797
0.1,39,157.5431,37.942,2.4569202654072626,8.382032583783595
0.1,40,153.3887,30.6883,6.611314661804585,1.1283306118714727
0.1,41,155.698,31.9352,4.30198274029874,2.3752335304416583
0.1,42,146.5962,37.9824,13.403756625724867,8.42238982159336
0.1,43,159.0303,27.3083,0.9697457309469826,2.251687465545661
0.1,44,140.8263,26.3193,19.17366947196072,3.240704292206761
0.1,45,160.4035,28.3765,0.4035116486963659,1.1835472275063772
0.1,46,170.7226,29.1137,10.72262703562211,0.44628302507364026
0.1,47,153.017,30.3609,6.983033604873697,0.8008552080405664
0.1,48,165.3368,26.2709,5.336754263993981,3.289090115916977
0.1,49,149.0709,21.7222,10.929132612884473,7.837830612792654
0.1,50,166.4018,30.7507,6.401829402298887,1.1907460337614602
0.5,1,159.8959,30.2595,0.10414140034748698,0.6995071860697237
0.5,2,161.8901,29.6723,1.890102281218816,0.1123102998455856
0.5,3,162.6677,29.0275,2.6677268919381163,0.5325018311611416
0.5,4,157.0063,29.1897,2.9936543374687403,0.3702683606666568
0.5,5,155.6599,29.5986,4.3400683986771185,0.038620117364398965
0.5,6,164.1305,28.0346,4.130468049684055,1.5253657726618286
0.5,7,157.1806,29.4997,2.8193730495568445,0.0602914124671301
0.5,8,164.0461,29.285,4.046122946632096,0.2750232022341912
0.5,9,160.0292,28.0677,0.029150646422806403,1.4922963424506825
0.5,10,157.5698,31.733,2.4301591675934446,2.1729623423840643
0.5,11,165.3253,26.7897,5.325314254519924,2.7703479759966356
0.5,12,164.679,29.7556,4.678987236237731,0.19563745980513403
0.5,13,162.6624,29.5031,2.662374772833118,0.0569295533039309
0.5,14,160.0634,29.5465,0.06337777627564378,0.013535639988280224
0.5,15,160.8121,28.7947,0.8121161130112853,0.7652758926382575
0.5,16,154.3714,29.2692,5.628582884124256,0.29084148221302186
0.5,17,161.0531,29.0158,1.0531023339617889,0.5442396893112651
0.5,18,160.8519,31.2463,0.8519424575440553,1.6862899258015567
0.5,19,156.6553,29.8141,3.3447401786930584,0.25405914200675284
0.5,20,159.7613,30.3597,0.2386925268504001,0.7997306649801423
0.5,21,157.9248,29.8519,2.075224911333919,0.29192561749224666
0.5,22,162.2554,30.8802,2.2554473620753868,1.320171124092198
0.5,23,160.913,29.5566,0.9129781088493587,0.00339989777504357
0.5,24,160.5376,30.3632,0.5375753499820064,0.8032114372847801
0.5,25,160.3045,27.8796,0.30448382301813126,1.6803547490997062
0.5,26,163.9595,29.8459,3.9595166534784596,0.2859062132707244
0.5,27,160.8709,29.0555,0.8709007266390927,0.5045008481109754
0.5,28,160.7648,29.4168,0.7647796262162956,0.14316083786561506
0.5,29,160.7204,28.6326,0.7204079102545791,0.9273539823324555
0.5,30,160.7587,33.6091,0.7586902758118299,4.0491454374866755
0.5,31,155.322,31.412,4.677998679322968,1.8520295592013696
0.5,32,159.588,30.3717,0.41204215856663495,0.8117317682734857
0.5,33,161.6638,29.6463,1.6637657527487022,0.08634475521996521
0.5,34,161.296,30.4089,1.295959210585437,0.8488931522390359
0.5,35,159.5743,29.3053,0.4256918998940762,0.25472791269501727
0.5,36,160.8165,30.1338,0.8164982732247097,0.5737863974466784
0.5,37,161.4871,30.1033,1.4870723765211267,0.543250977532697
0.5,38,159.7242,30.1658,0.2758440240317839,0.6058145554955523
0.5,39,157.1492,29.6159,2.8507514865934525,0.05591306867060197
0.5,40,151.0722,29.3008,8.927806406336686,0.25923485899768295
0.5,41,159.3786,29.4203,0.6214290704106133,0.1396547353829547
0.5,42,160.9917,29.4087,0.9916586429424115,0.15129923218618657
0.5,43,159.7835,29.1134,0.21653559710199488,0.4465528068006748
0.5,44,159.4153,29.0869,0.5847097238716117,0.47308260029965865
0.5,45,156.1571,29.6991,3.842936730457808,0.1390814488551051
0.5,46,160.8202,29.7239,0.8202285890222356,0.16385792975308533
0.5,47,159.8484,29.395,0.1516291279661175,0.16500044461878005
0.5,48,162.5941,29.5833,2.5941310826696053,0.023346524544990643
0.5,49,159.9149,27.7778,0.0850557406081407,1.7822243399649018
0.5,50,159.236,29.3956,0.7639982357479198,0.16435331512811402
1.0,1,159.7739,29.6124,0.22609093835291105,0.052429162291598885
1.0,2,160.0696,29.6329,0.06956992379292615,0.07293125331446149
1.0,3,160.7545,29.855,0.7545259482269273,0.29502696627756464
1.0,4,160.5731,30.2859,0.5731375632714446,0.725895463333277
1.0,5,156.6886,29.2787,3.3113978479964317,0.2812880421945323
1.0,6,155.8086,29.6648,4.191356692407908,0.10484572375434098
1.0,7,161.5899,29.3441,1.589934829506518,0.2158691587624162
1.0,8,161.9246,28.9253,1.9246219856637765,0.6347450796561773
1.0,9,162.0316,29.4544,2.0315817424401814,0.10561482269486078
1.0,10,158.4047,29.5514,1.5953296195892221,0.008599013798548327
1.0,11,159.3336,29.3912,0.666401777963955,0.16876949269522257
1.0,12,159.5132,29.8395,0.486816285444462,0.27946075182164165
1.0,13,160.0816,29.4179,0.08155995757832102,0.14214788670280143
1.0,14,160.2493,29.7298,0.24931758039457463,0.16984936322644728
1.0,15,159.3935,29.5031,0.6065145392586544,0.05694955346303132
1.0,16,158.5885,29.2554,1.411521150994588,0.3045858815528497
1.0,17,160.4498,29.2559,0.44978651206622544,0.30410765536202433
1.0,18,160.0516,29.7224,0.051637319172158413,0.16243314566392186
1.0,19,158.4571,29.6034,1.542930177458203,0.04337750760246095
1.0,20,159.3328,30.3405,0.6672346929972832,0.7805147373743928
1.0,21,159.9665,29.844,0.03346237905040539,0.2840134610626244
1.0,22,160.1059,28.8268,0.10586406943366455,0.7331579770640317
1.0,23,160.3097,30.2593,0.3096588030144005,0.6993160018694375
1.0,24,160.2272,29.8651,0.22718124219389324,0.3051465102443345
1.0,25,161.4628,29.3245,1.4627993495940927,0.2354737961074278
1.0,26,159.1422,29.6353,0.8578103371139889,0.07529396524487453
1.0,27,159.8041,29.9016,0.19594561672229815,0.3415703404826935
1.0,28,161.6097,29.4559,1.6096691731529233,0.10408411329607148
1.0,29,159.2529,29.807,0.7470942711539408,0.24701163456975195
1.0,30,159.4015,29.8709,0.5985425748940258,0.3108845234877258
1.0,31,159.8345,29.6824,0.16549216011466683,0.12243549679362786
1.0,32,158.3449,29.6454,1.6551121409131895,0.08539346655162916
1.0,33,159.8986,29.6171,0.1014400358202181,0.057063877051998446
1.0,34,158.9094,29.7526,1.0905595526848515,0.19259223725657648
1.0,35,161.2931,29.3092,1.2931470826519273,0.25077316268206573
1.0,36,158.3468,28.6445,1.653237716229114,0.9155183158763407
1.0,37,160.334,29.6323,0.33399550748964657,0.0723113378291913
1.0,38,160.098,29.3296,0.09804823282362918,0.23042963602273403
1.0,39,159.7539,29.6228,0.2461409870212492,0.06282866009381394
1.0,40,159.9935,30.6736,0.006487279248744926,1.1135957948464146
1.0,41,158.7013,29.7084,1.2987249544417523,0.14843111455815716
1.0,42,159.7876,29.5135,0.21240450162042634,0.04650558646598668
1.0,43,160.5713,29.7058,0.5712756808591166,0.14577761842796022
1.0,44,164.0462,29.1521,4.0462396273044305,0.4078506548435108
1.0,45,158.4308,29.7386,1.5691634336852474,0.1786306755340803
1.0,46,160.1705,29.3797,0.17052006990803648,0.1802681368735506
1.0,47,158.1601,29.0307,1.839865817991324,0.5292727682281395
1.0,48,161.553,29.2727,1.5529713319056384,0.2873411947039948
1.0,49,159.5642,29.3226,0.4358060892349158,0.23735186227146343
1.0,50,159.6575,28.9677,0.3425007151081445,0.5923133203475608
2.0,1,160.0194,29.2599,0.019432570732789145,0.3001221421028646
2.0,2,160.459,29.4459,0.4590374307996399,0.11407772397567939
2.0,3,160.0417,29.7742,0.041703755294321354,0.21416634538946866
2.0,4,160.1796,29.5702,0.179592429925151,0.010228267802219193
2.0,5,159.7836,29.499,0.21641750530656623,0.060968979530809264
2.0,6,160.207,30.227,0.20698098500488982,0.6669524241221048
2.0,7,160.1955,29.5784,0.1955432732026452,0.018421249561203723
2.0,8,160.3093,29.5492,0.3092991718164342,0.010819292041801987
2.0,9,158.9411,29.58,1.058946984581553,0.019960061937602802
2.0,10,161.234,29.4028,1.2340281233676933,0.15721387829059452
2.0,11,160.239,29.4233,0.23902578895416582,0.13674497279449938
2.0,12,160.0372,29.3135,0.03717612273325699,0.24648573989828293
2.0,13,159.9477,29.6677,0.05226827620640506,0.10771642169737561
2.0,14,159.8182,29.62,0.18181881472415284,0.06003211384742002
2.0,15,160.4469,29.849,0.4468977311782112,0.2889881268216392
2.0,16,159.6217,29.5263,0.3782734006204862,0.033728283880556376
2.0,17,159.406,30.1896,0.5939971931715036,0.6296261672232184
2.0,18,160.9621,29.5725,0.9620809582993104,0.012493262735876698
2.0,19,160.5761,29.5664,0.57611190575102,0.0064229662107528895
2.0,20,160.142,29.3013,0.14195883403090193,0.2586861887216756
2.0,21,160.3572,29.3553,0.35722712729790373,0.20472281288770944
2.0,22,160.528,29.6845,0.5279707771877042,0.12453628296880837
2.0,23,160.2702,29.166,0.27020394426682515,0.3939966059387707
2.0,24,159.7498,29.4637,0.25022588281595404,0.0963039203017857
2.0,25,159.8359,29.2988,0.1640626145485271,0.2612008864118458
2.0,26,161.0354,29.5771,1.0354020601660636,0.017076875730484886
2.0,27,159.7537,29.5254,0.24628937317729083,0.03460775629601187
2.0,28,159.9442,29.5937,0.05579824784160792,0.03369457344912874
2.0,29,160.0159,29.8338,0.01593053574273995,0.27375147989365445
2.0,30,159.997,30.1833,0.0030457750317793852,0.6232674127200433
2.0,31,160.6068,29.4288,0.6067589663841773,0.1311927944823701
2.0,32,160.9873,29.3413,0.98732614001446,0.2186796424140276
2.0,33,160.5038,29.5191,0.5037911967253876,0.04091969151675556
2.0,34,160.7052,29.7598,0.705188293841644,0.1998353607893506
2.0,35,160.4732,29.6901,0.4731827388987426,0.1301468269506465
2.0,36,159.7523,29.2868,0.24767443925776433,0.27317339191973744
2.0,37,159.8921,29.4013,0.10786036094532392,0.1587433818396775
2.0,38,160.2471,29.5048,0.2470679852087585,0.05518217068591014
2.0,39,161.5102,29.6097,1.5102215607835774,0.049681190096425354
2.0,40,160.5178,29.3608,0.5177639974249928,0.19917588914374207
2.0,41,160.6437,29.8401,0.6437296813882654,0.2801481402084285
2.0,42,159.9869,29.5958,0.013108420028117962,0.035834905389755534
2.0,43,160.3771,29.4024,0.3771067768859382,0.15761170197938057
2.0,44,160.0026,29.526,0.002572683828219624,0.03397373704241957
2.0,45,159.3858,29.5138,0.614221580920713,0.04616866770844297
2.0,46,159.0037,29.1154,0.9962848183810422,0.4445658304931115
2.0,47,159.3459,29.951,0.654051153237333,0.39102092391257415
2.0,48,160.0522,29.9625,0.05215779299908263,0.40245459769862535
2.0,49,159.9275,29.4892,0.07251533882867989,0.07082916020440067
2.0,50,160.0062,29.5407,0.006179897108665955,0.019341567953084393
